file,keywords,description,queries
data/bpmn/dispatch.bpmn,"['Logistiek', 'Secretaresse', 'Magazijn', 'Verzekeren', 'Pakketlabel', 'Verzenden', 'Verzendmethode', 'Speciale behandeling', 'Offertes', 'Logistiek bedrijf', 'Bestelling plaatsen', 'Goederen verpakken', 'Voorbereiding ophalen', 'Zending voorbereid', 'superNode']","Het proces beschrijft de stappen die een logistiek bedrijf neemt om goederen te verzenden. Het begint met de beslissing of een pakket verzekerd moet worden, gevolgd door het labelen, kiezen van de verzendmethode en het bepalen of speciale behandeling nodig is. Er worden drie offertes van logistieke bedrijven opgevraagd, waarna er een keuze wordt gemaakt en een bestelling wordt geplaatst. Vervolgens worden de goederen verpakt en voorbereid voor ophalen, waarna de zending als voorbereid wordt gemarkeerd.","[{'query': 'Logistiek proces voor verzending van goederen', 'language': 'Dutch'}, {'query': 'Logistics process for shipping goods', 'language': 'English'}, {'query': ""Processus logistique pour l'expédition des marchandises"", 'language': 'French'}, {'query': 'Stappen voor het verzekeren van een pakket', 'language': 'Dutch'}, {'query': 'Steps to insure a parcel', 'language': 'English'}, {'query': 'Étapes pour assurer un colis', 'language': 'French'}, {'query': 'Selectieprocedure logistiek bedrijf', 'language': 'Dutch'}, {'query': 'Logistic company selection process', 'language': 'English'}, {'query': ""Processus de sélection d'une entreprise logistique"", 'language': 'French'}, {'query': 'Voorbereiding van goederen voor verzending', 'language': 'Dutch'}, {'query': 'Preparation of goods for shipment', 'language': 'English'}, {'query': ""Préparation des marchandises pour l'expédition"", 'language': 'French'}, {'query': 'Offertes aanvragen bij logistieke bedrijven', 'language': 'Dutch'}, {'query': 'Requesting quotes from logistic companies', 'language': 'English'}, {'query': 'Demander des devis aux entreprises logistiques', 'language': 'French'}, {'query': 'Proces van pakketlabel schrijven', 'language': 'Dutch'}, {'query': 'Process of writing package label', 'language': 'English'}, {'query': ""Processus d'écriture de l'étiquette du colis"", 'language': 'French'}, {'query': 'Bepalen van verzendmethode voor goederen', 'language': 'Dutch'}, {'query': 'Determining shipment method for goods', 'language': 'English'}, {'query': ""Détermination de la méthode d'expédition pour les marchandises"", 'language': 'French'}]"
data/bpmn/hoofdprocesProcesMelding.bpmn,"['Hoofdproces', 'Proces Melding', 'Resultaat controle', 'Onvolledig', 'Herclassificatie', 'Ontvankelijk', 'Onontvankelijk', 'Subproces', 'Behandelingsdiensten', 'Meldingsformulier', 'Aanvraag afgesloten', 'E-mailadres', 'Logindata', 'MAGDA', 'Automatische e-mail', 'Herinneringsmail', 'Ontvangstbevestiging', 'Notificatie', 'Communicatie', 'Dubbele melding', 'Klacht', 'Herberekening', 'Dossierlabel', 'Beslissingsbrief', 'CBS']","Het proces beschrijft de stappen die worden gevolgd bij het behandelen van een melding. Het begint met de indiening van een aanvraag en de controle op volledigheid en juiste classificatie. Afhankelijk van de uitkomst wordt de melding als ontvankelijk of onontvankelijk beschouwd. Er zijn subprocessen voor het behandelen van de melding, het aanpassen van het meldingsformulier, en communicatie met de melder via e-mail. Het proces omvat ook stappen voor het automatisch versturen van e-mails, het opvragen van gegevens via MAGDA, en het afhandelen van dubbele meldingen of klachten. Het proces eindigt met het versturen van een beslissingsbrief of het herclassificeren van de melding.","[{'query': 'BPMN processtroom melding behandeling', 'language': 'Dutch'}, {'query': 'BPMN process flow for handling notifications', 'language': 'English'}, {'query': 'Flux de processus BPMN pour la gestion des notifications', 'language': 'French'}, {'query': 'BPMN onvolledige aanvraag herclassificatie', 'language': 'Dutch'}, {'query': 'BPMN reclassification of incomplete application', 'language': 'English'}, {'query': ""Reclassification d'une demande incomplète BPMN"", 'language': 'French'}, {'query': 'BPMN ontvankelijkheidstoetsing melding', 'language': 'Dutch'}, {'query': 'BPMN admissibility check for notification', 'language': 'English'}, {'query': ""Vérification de l'admissibilité d'une notification BPMN"", 'language': 'French'}, {'query': 'BPMN automatische e-mail bij melding', 'language': 'Dutch'}, {'query': 'BPMN automatic email notification process', 'language': 'English'}, {'query': ""Processus d'e-mail automatique pour les notifications BPMN"", 'language': 'French'}, {'query': 'BPMN dubbele melding klachtbehandeling', 'language': 'Dutch'}, {'query': 'BPMN handling of duplicate notification complaints', 'language': 'English'}, {'query': 'Traitement des plaintes pour notifications en double BPMN', 'language': 'French'}, {'query': 'BPMN meldingsformulier aanpassen subprocess', 'language': 'Dutch'}, {'query': 'BPMN subprocess for modifying notification form', 'language': 'English'}, {'query': 'Sous-processus BPMN pour la modification du formulaire de notification', 'language': 'French'}, {'query': 'BPMN communicatie na melding', 'language': 'Dutch'}, {'query': 'BPMN communication after notification', 'language': 'English'}, {'query': 'Communication BPMN après notification', 'language': 'French'}, {'query': 'BPMN beslissingsbrief versturen proces', 'language': 'Dutch'}, {'query': 'BPMN process for sending decision letter', 'language': 'English'}, {'query': ""Processus BPMN pour l'envoi de la lettre de décision"", 'language': 'French'}]"
data/bpmn/Jeugd-Fuifkwaliteitslabel-aanvraag-Poperinge_v0.1.bpmn,"['Jeugd', 'Fuifkwaliteitslabel', 'Aanvraag', 'Poperinge', 'Jeugddienst', 'Schepencollege', 'Financiële dienst', 'Organisator', 'Jury', 'Evaluatie', 'Aanvraagformulier', 'Evaluatieformulier', 'Verantwoordingsstukken', 'Puntenberekening', 'Rangschikking', 'Goedkeuring', 'Uitbetaling', 'CBS']","Het proces beschrijft de stappen die genomen moeten worden voor het aanvragen van een Fuifkwaliteitslabel in Poperinge. Organisatoren vullen een aanvraagformulier in, dat vervolgens geëvalueerd wordt door een jury. Afhankelijk van de evaluatie worden verantwoordingsstukken beoordeeld en een puntenberekening en rangschikking gemaakt. Na goedkeuring door het Schepencollege en de Jeugddienst worden organisatoren op de hoogte gebracht en vindt de uitbetaling plaats. Het proces moet uiterlijk op 31 augustus voltooid zijn en wordt afgesloten met een evaluatie van de financiële dienst en plaatsing op de agenda van het CBS.","[{'query': 'Jeugd Fuifkwaliteitslabel aanvraagproces Poperinge', 'language': 'Dutch'}, {'query': 'Youth Party Quality Label application process Poperinge', 'language': 'English'}, {'query': 'Demande de label de qualité de fête de jeunesse Poperinge', 'language': 'French'}, {'query': 'Evaluatieprocedure voor fuifkwaliteitslabel', 'language': 'Dutch'}, {'query': 'Evaluation process for party quality label', 'language': 'English'}, {'query': ""Processus d'évaluation pour le label de qualité de fête"", 'language': 'French'}, {'query': 'Stappenplan uitbetaling fuiforganisatoren', 'language': 'Dutch'}, {'query': 'Payment procedure for party organizers', 'language': 'English'}, {'query': 'Procédure de paiement pour les organisateurs de fête', 'language': 'French'}, {'query': 'Aanvraagformulier en evaluatieformulier fuif', 'language': 'Dutch'}, {'query': 'Application and evaluation forms for party', 'language': 'English'}, {'query': ""Formulaire de demande et d'évaluation pour fête"", 'language': 'French'}, {'query': 'Puntenberekening en rangschikking evenementen', 'language': 'Dutch'}, {'query': 'Scoring and ranking of events', 'language': 'English'}, {'query': 'Calcul des points et classement des événements', 'language': 'French'}, {'query': 'Goedkeuringsproces Schepencollege fuif', 'language': 'Dutch'}, {'query': 'Approval process by the College of Aldermen for party', 'language': 'English'}, {'query': ""Processus d'approbation par le Collège des échevins pour fête"", 'language': 'French'}, {'query': 'Jeugddienst Poperinge fuifbeleid', 'language': 'Dutch'}, {'query': 'Youth Service Poperinge party policy', 'language': 'English'}, {'query': 'Service de la jeunesse Poperinge politique de fête', 'language': 'French'}]"
data/bpmn/Jeugd-Kadervormingsubsidieaanvraag-Poperinge_v0.1.bpmn,"['Jeugd', 'Kadervormingsubsidie', 'Aanvraag', 'Poperinge', 'Schepencollege', 'Financiële dienst', 'Indienen', 'Aanvullen', 'Bewijzen', 'Vereniging', 'Jongere', 'Compleet', 'Evalueren', 'Jeugddienst', 'Uitbetalen', 'CBS', 'Agenda', 'Evaluatie', 'Goedkeuring', 'Berekenen', 'Bedragen', 'superNode']","Het proces beschrijft de stappen voor het aanvragen van een kadervormingsubsidie door een vereniging of jongere in Poperinge. Het begint met het indienen van een aanvraagformulier en het aanvullen van bewijzen voor kadervorming. De aanvraag wordt vervolgens geëvalueerd door de Jeugddienst. Na goedkeuring door het Schepencollege en de Financiële dienst, wordt de aanvraag op de agenda van het College van Burgemeester en Schepenen (CBS) geplaatst. Na 30 september worden de bedragen berekend en uitbetaald aan de jongere of vereniging.","[{'query': 'Kadervormingsubsidie aanvraagproces Poperinge', 'language': 'Dutch'}, {'query': 'Youth training subsidy application process Poperinge', 'language': 'English'}, {'query': 'Demande de subvention de formation cadre Poperinge', 'language': 'French'}, {'query': 'Stappenplan uitbetaling jeugdsubsidie', 'language': 'Dutch'}, {'query': 'Step-by-step payment process for youth subsidy', 'language': 'English'}, {'query': 'Processus de paiement étape par étape pour la subvention jeunesse', 'language': 'French'}, {'query': 'Evaluatieprocedure subsidieaanvragen jeugd', 'language': 'Dutch'}, {'query': 'Evaluation procedure for youth subsidy applications', 'language': 'English'}, {'query': ""Procédure d'évaluation des demandes de subvention jeunesse"", 'language': 'French'}, {'query': 'BPMN jeugdvereniging financiële ondersteuning', 'language': 'Dutch'}, {'query': 'BPMN youth association financial support', 'language': 'English'}, {'query': 'BPMN soutien financier association de jeunesse', 'language': 'French'}, {'query': 'Goedkeuringsproces Schepencollege subsidies', 'language': 'Dutch'}, {'query': 'Approval process by the College of Aldermen for subsidies', 'language': 'English'}, {'query': ""Processus d'approbation par le Collège des échevins pour les subventions"", 'language': 'French'}, {'query': 'Jeugddienst evaluatie kadervormingsubsidie', 'language': 'Dutch'}, {'query': 'Youth service evaluation of training framework subsidy', 'language': 'English'}, {'query': 'Évaluation du service jeunesse de la subvention de formation cadre', 'language': 'French'}, {'query': 'Agendapunt CBS kadervormingsubsidie', 'language': 'Dutch'}, {'query': 'Agenda item CBS for training framework subsidy', 'language': 'English'}, {'query': ""Point d'agenda CBS pour la subvention de formation cadre"", 'language': 'French'}]"
data/bpmn/Jeugd-Project-subsidieaanvraag-Poperinge_v0.1.bpmn,"['Jeugdproject', 'Subsidieaanvraag', 'Poperinge', 'Jeugddienst', 'Schepencollege', 'Financiële dienst', 'Organisator', 'Dagelijks bestuur jeugdraad', 'Evaluatie', 'Aanvraagformulier', 'Verantwoordingsstukken', 'Goedkeuring', 'Uitbetaling', 'CBS']","Het proces beschrijft de stappen voor het aanvragen van een subsidie voor jeugdprojecten in Poperinge. Organisatoren moeten een aanvraagformulier invullen en deze, samen met de verantwoordingsstukken, indienen. De aanvraag wordt geëvalueerd door de jeugddienst en het dagelijks bestuur van de jeugdraad. Indien informatie ontbreekt, moet deze aangevuld worden. Na evaluatie van de verantwoordingsstukken en eventuele onduidelijkheden, wordt een beslissing genomen door het schepencollege. Bij goedkeuring worden de totalen per organisator berekend en volgt de uitbetaling. Het proces wordt afgesloten met het plaatsen van de goedkeuring op de agenda van het College van Burgemeester en Schepenen (CBS).","[{'query': 'Jeugdproject subsidieaanvraag proces Poperinge', 'language': 'Dutch'}, {'query': 'Youth project subsidy application process Poperinge', 'language': 'English'}, {'query': 'Demande de subvention projet jeunesse Poperinge', 'language': 'French'}, {'query': 'Evaluatieprocedure subsidieaanvragen jeugd', 'language': 'Dutch'}, {'query': 'Evaluation procedure for youth subsidy applications', 'language': 'English'}, {'query': ""Procédure d'évaluation des demandes de subvention jeunesse"", 'language': 'French'}, {'query': 'Indienen verantwoordingsstukken jeugdproject', 'language': 'Dutch'}, {'query': 'Submission of accountability documents youth project', 'language': 'English'}, {'query': 'Soumission des pièces justificatives projet jeunesse', 'language': 'French'}, {'query': 'Goedkeuringsproces subsidie jeugddienst Poperinge', 'language': 'Dutch'}, {'query': 'Approval process for youth service subsidy Poperinge', 'language': 'English'}, {'query': ""Processus d'approbation subvention service jeunesse Poperinge"", 'language': 'French'}, {'query': 'Uitbetalingsprocedure subsidie jeugdorganisatoren', 'language': 'Dutch'}, {'query': 'Payment procedure for youth organizers subsidy', 'language': 'English'}, {'query': 'Procédure de paiement subvention organisateurs jeunesse', 'language': 'French'}, {'query': 'Stappenplan aanvraag jeugdprojectsubsidie', 'language': 'Dutch'}, {'query': 'Step-by-step plan for youth project subsidy application', 'language': 'English'}, {'query': 'Plan étape par étape demande de subvention projet jeunesse', 'language': 'French'}, {'query': 'Rol van Schepencollege in subsidieproces', 'language': 'Dutch'}, {'query': 'Role of the Executive Council in the subsidy process', 'language': 'English'}, {'query': 'Rôle du Collège échevinal dans le processus de subvention', 'language': 'French'}, {'query': 'BPMN diagram jeugdproject subsidie Poperinge', 'language': 'Dutch'}, {'query': 'BPMN diagram youth project subsidy Poperinge', 'language': 'English'}, {'query': 'Diagramme BPMN subvention projet jeunesse Poperinge', 'language': 'French'}]"
data/bpmn/Jeugd-subsidieaanvraag-Poperinge_v0.1.bpmn,"['Jeugddienst', 'Subsidieaanvraag', 'Verenigingen', 'Evaluatie', 'Schepencollege', 'Financiële dienst', 'Werkingssubsidie', 'Jeugdraad', 'Goedkeuring', 'Uitbetaling', 'SuperNode']","Het proces beschrijft de stappen die doorlopen worden bij een subsidieaanvraag voor jeugdverenigingen in Poperinge. Het begint met de communicatie naar de verenigingen en omvat het invullen van de werkingssubsidie, het aanvullen van informatie, de evaluatie door de jeugddienst, jeugdraad en het schepencollege, en eindigt met de goedkeuring en uitbetaling van de subsidie. Er zijn beslismomenten (goedgekeurd ja/nee) en berekeningen van totalen per vereniging. Ook wordt er aandacht besteed aan onduidelijkheden en toegekende bedragen.","[{'query': 'Subsidieaanvraag proces voor jeugdverenigingen in Poperinge', 'language': 'Dutch'}, {'query': 'Youth association subsidy application process in Poperinge', 'language': 'English'}, {'query': 'Processus de demande de subvention pour les associations de jeunesse à Poperinge', 'language': 'French'}, {'query': 'Evaluatieprocedure van subsidiedossiers door jeugdraad en schepencollege', 'language': 'Dutch'}, {'query': 'Evaluation procedure of subsidy files by youth council and college of aldermen', 'language': 'English'}, {'query': ""Procédure d'évaluation des dossiers de subvention par le conseil de la jeunesse et le collège des échevins"", 'language': 'French'}, {'query': 'Stappenplan voor uitbetaling werkingssubsidie aan verenigingen', 'language': 'Dutch'}, {'query': 'Step-by-step plan for paying out operational subsidies to associations', 'language': 'English'}, {'query': 'Plan par étapes pour le paiement des subventions de fonctionnement aux associations', 'language': 'French'}, {'query': 'BPMN diagram van subsidie goedkeuringsproces', 'language': 'Dutch'}, {'query': 'BPMN diagram of subsidy approval process', 'language': 'English'}, {'query': ""Diagramme BPMN du processus d'approbation des subventions"", 'language': 'French'}, {'query': 'Rol van financiële dienst in subsidieaanvraag voor jeugdverenigingen', 'language': 'Dutch'}, {'query': 'Role of the financial service in subsidy application for youth associations', 'language': 'English'}, {'query': 'Rôle du service financier dans la demande de subvention pour les associations de jeunesse', 'language': 'French'}, {'query': 'Communicatieproces naar verenigingen over subsidies', 'language': 'Dutch'}, {'query': 'Communication process to associations about subsidies', 'language': 'English'}, {'query': 'Processus de communication aux associations concernant les subventions', 'language': 'French'}, {'query': 'Jeugddienst evaluatie van vereniging dossier', 'language': 'Dutch'}, {'query': 'Youth service evaluation of association file', 'language': 'English'}, {'query': ""Évaluation du dossier d'association par le service de la jeunesse"", 'language': 'French'}, {'query': 'Besluitvorming subsidieaanvraag in gemeente Poperinge', 'language': 'Dutch'}, {'query': 'Decision-making on subsidy application in the municipality of Poperinge', 'language': 'English'}, {'query': 'Prise de décision sur la demande de subvention dans la municipalité de Poperinge', 'language': 'French'}]"
data/bpmn/Jeugd-verenigingen-met-specifieke-doelgroep-subsidie-Poperinge_v0.1.bpmn,"['Jeugdverenigingen', 'Specifieke doelgroep', 'Subsidie', 'Poperinge', 'Jeugddienst', 'Schepencollege', 'Financiële dienst', 'Milieuraad', 'Facturen indienen', 'Evaluatie', 'Bedragen berekenen', 'CBS agenda', 'Goedkeuring', 'Uitbetaling', 'Informatie aanvullen', 'Subsidieaanvraag', 'Communicatie']","Het proces beschrijft de stappen die doorlopen worden door jeugdverenigingen in Poperinge om subsidie te ontvangen voor activiteiten gericht op een specifieke doelgroep. Het proces begint bij de subsidieaanvraag en communicatie naar de verenigingen, gevolgd door het indienen van facturen bij de jeugddienst. Deze facturen worden geëvalueerd en de bedragen worden berekend. Vervolgens worden de bedragen op de agenda van het College van Burgemeester en Schepenen (CBS) geplaatst voor evaluatie en goedkeuring. Na goedkeuring worden de subsidies uitbetaald aan de verenigingen, die op de hoogte worden gebracht van de beslissing. Indien de informatie niet compleet is, wordt er gevraagd deze aan te vullen.","[{'query': 'Subsidieproces voor jeugdverenigingen in Poperinge', 'language': 'Dutch'}, {'query': 'Subsidy process for youth associations in Poperinge', 'language': 'English'}, {'query': 'Processus de subvention pour les associations de jeunesse à Poperinge', 'language': 'French'}, {'query': 'Stappenplan subsidieaanvraag specifieke doelgroep Poperinge', 'language': 'Dutch'}, {'query': 'Step-by-step subsidy application for specific target groups Poperinge', 'language': 'English'}, {'query': ""Plan d'étapes pour la demande de subvention pour un groupe cible spécifique Poperinge"", 'language': 'French'}, {'query': 'Evaluatie en goedkeuring van subsidies door CBS Poperinge', 'language': 'Dutch'}, {'query': 'Evaluation and approval of subsidies by CBS Poperinge', 'language': 'English'}, {'query': 'Évaluation et approbation des subventions par le CBS Poperinge', 'language': 'French'}, {'query': 'Uitbetalingsproces aan jeugdverenigingen Poperinge', 'language': 'Dutch'}, {'query': 'Payment process to youth associations Poperinge', 'language': 'English'}, {'query': 'Processus de paiement aux associations de jeunesse Poperinge', 'language': 'French'}, {'query': 'Facturen indienen en beoordelen voor subsidie jeugdverenigingen', 'language': 'Dutch'}, {'query': 'Submitting and reviewing invoices for youth association subsidies', 'language': 'English'}, {'query': 'Soumission et évaluation des factures pour les subventions des associations de jeunesse', 'language': 'French'}, {'query': 'Communicatie subsidieaanvraag jeugdverenigingen Poperinge', 'language': 'Dutch'}, {'query': 'Communication of subsidy application for youth associations Poperinge', 'language': 'English'}, {'query': 'Communication de la demande de subvention pour les associations de jeunesse Poperinge', 'language': 'French'}, {'query': 'Procedure voor aanvullen informatie subsidiedossier jeugdverenigingen', 'language': 'Dutch'}, {'query': 'Procedure for supplementing information on youth association subsidy files', 'language': 'English'}, {'query': 'Procédure pour compléter les informations sur les dossiers de subvention des associations de jeunesse', 'language': 'French'}]"
data/bpmn/Klachten-Heuvelland.bpmn,"['Klachtenafhandeling', 'Heuvelland', 'Melder', 'Klachtencoördinator', 'Diensthoofd', 'Algemeen directeur', 'Burgemeester', 'Webformulier', 'Klachtenregister', 'Ontvangstbevestiging', 'Onderzoek', 'Antwoord', 'Klachtenbehandelaar']","Het proces beschrijft de stappen die worden gevolgd bij de afhandeling van klachten in Heuvelland. Het begint met het indienen van een klacht via een webformulier, waarna bepaald wordt of het om een melding of een klacht gaat. Afhankelijk van deze beoordeling wordt de klacht geregistreerd en verder behandeld of als melding verder afgehandeld. Er zijn verschillende routes afhankelijk van de aard van de klacht, zoals klachten over een diensthoofd of een persoon, en verschillende betrokkenen zoals de klachtencoördinator, het diensthoofd, de algemeen directeur en de burgemeester. Het proces omvat stappen zoals het vragen om verduidelijking, het aanvullen van informatie, het registreren van de klacht, het onderzoeken van de klacht, en het formuleren en versturen van een antwoord binnen gestelde termijnen.","[{'query': 'Klachtenafhandelingsproces in Heuvelland', 'language': 'Dutch'}, {'query': 'Complaint handling process in Heuvelland', 'language': 'English'}, {'query': 'Processus de gestion des plaintes à Heuvelland', 'language': 'French'}, {'query': 'Stappenplan voor het behandelen van klachten via webformulier', 'language': 'Dutch'}, {'query': 'Step-by-step process for handling complaints via web form', 'language': 'English'}, {'query': 'Processus étape par étape pour la gestion des plaintes via formulaire web', 'language': 'French'}, {'query': 'Rol van klachtencoördinator in klachtenproces', 'language': 'Dutch'}, {'query': 'Role of complaint coordinator in complaint process', 'language': 'English'}, {'query': 'Rôle du coordinateur de plaintes dans le processus de plainte', 'language': 'French'}, {'query': 'BPMN diagram voor klachtenregistratie en -afhandeling', 'language': 'Dutch'}, {'query': 'BPMN diagram for complaint registration and handling', 'language': 'English'}, {'query': ""Diagramme BPMN pour l'enregistrement et le traitement des plaintes"", 'language': 'French'}, {'query': 'Communicatieproces tussen melder en klachtenbehandelaar', 'language': 'Dutch'}, {'query': 'Communication process between complainant and complaint handler', 'language': 'English'}, {'query': 'Processus de communication entre le plaignant et le gestionnaire de plaintes', 'language': 'French'}, {'query': 'Termijnen voor afhandeling van klachten in BPMN', 'language': 'Dutch'}, {'query': 'Deadlines for complaint resolution in BPMN', 'language': 'English'}, {'query': 'Délais pour la résolution des plaintes dans BPMN', 'language': 'French'}, {'query': 'Rol van algemeen directeur bij klachtenafhandeling', 'language': 'Dutch'}, {'query': 'Role of the general director in complaint handling', 'language': 'English'}, {'query': 'Rôle du directeur général dans la gestion des plaintes', 'language': 'French'}, {'query': 'Procedure bij klacht over diensthoofd in BPMN', 'language': 'Dutch'}, {'query': 'Procedure for complaints about department head in BPMN', 'language': 'English'}, {'query': 'Procédure pour les plaintes concernant le chef de service dans BPMN', 'language': 'French'}, {'query': 'BPMN proces voor versturen van ontvangstbevestiging klacht', 'language': 'Dutch'}, {'query': 'BPMN process for sending complaint acknowledgment', 'language': 'English'}, {'query': ""Processus BPMN pour l'envoi d'accusé de réception de plainte"", 'language': 'French'}]"
data/bpmn/Klachten-Kortemark.bpmn,"['Klachtenproces', 'Klachtencoördinator', 'Medewerker dienst', 'Klacht registreren', 'Webformulier', 'Melding', 'Klachtenbehandelaar', 'Ontvankelijkheid', 'Evaluatie', 'Verslag', 'Antwoord op klacht', 'Klachtenregister', 'e-bestuur', 'College van burgemeester en schepenen']","Het proces beschrijft de stappen die worden gevolgd wanneer een klacht of melding wordt ingediend bij een gemeentelijke dienst. Het begint met de vraag of het om een melding of klacht gaat, gevolgd door de registratie van de klacht en de beoordeling van de ontvankelijkheid. Afhankelijk van de aard van de klacht wordt deze toegewezen aan de juiste klachtenbehandelaar. Er zijn verschillende routes afhankelijk van tegen wie de klacht gericht is. Het proces omvat ook de evaluatie van de klacht, het opmaken van een verslag en het communiceren van het antwoord naar de melder binnen gestelde termijnen.","[{'query': 'Klachtenproces gemeente', 'language': 'Dutch'}, {'query': 'Municipal complaint process', 'language': 'English'}, {'query': 'Processus de plainte municipal', 'language': 'French'}, {'query': 'Registratie klachten in e-bestuur', 'language': 'Dutch'}, {'query': 'Registration of complaints in e-governance', 'language': 'English'}, {'query': ""Enregistrement des plaintes dans l'e-gouvernance"", 'language': 'French'}, {'query': 'Rol van klachtencoördinator', 'language': 'Dutch'}, {'query': 'Role of complaint coordinator', 'language': 'English'}, {'query': 'Rôle du coordinateur des plaintes', 'language': 'French'}, {'query': 'Behandeling klachten door college van burgemeester en schepenen', 'language': 'Dutch'}, {'query': 'Handling complaints by the college of mayor and aldermen', 'language': 'English'}, {'query': 'Traitement des plaintes par le collège des bourgmestre et échevins', 'language': 'French'}, {'query': 'Antwoordtermijnen op klachten', 'language': 'Dutch'}, {'query': 'Response times for complaints', 'language': 'English'}, {'query': 'Délais de réponse aux plaintes', 'language': 'French'}, {'query': 'Indienen klacht via webformulier', 'language': 'Dutch'}, {'query': 'Submitting a complaint via web form', 'language': 'English'}, {'query': 'Soumettre une plainte via un formulaire web', 'language': 'French'}, {'query': 'Verslaglegging in klachtenproces', 'language': 'Dutch'}, {'query': 'Reporting in the complaint process', 'language': 'English'}, {'query': 'Rapportage dans le processus de plainte', 'language': 'French'}, {'query': 'Ontvankelijkheid van klachten', 'language': 'Dutch'}, {'query': 'Admissibility of complaints', 'language': 'English'}, {'query': 'Recevabilité des plaintes', 'language': 'French'}]"
data/bpmn/klachtenbehandeling.bpmn,"['klachtenbehandeling', 'burger', 'gemeentebestuur', 'klacht indienen', 'gegrondheid', 'klachtenformulier', 'melding', 'CRM', 'OCMW', 'milieuklacht', 'organisatiebeheersing', 'kwaliteit', 'wachtrij', 'ontvangstbevestiging', 'ontvankelijkheid', 'beroepsprocedure', 'klachtendossier', 'motivatie cel', 'antwoordbrief', 'verbetering', 'ombudsdienst']","Het proces beschrijft de behandeling van klachten door een gemeentebestuur. Burgers kunnen klachten indienen via e-mail of een digitaal formulier. Klachten kunnen betrekking hebben op gemeentelijke dienstverlening of schade aan de openbare ruimte. De klachten worden geregistreerd in een CRM-systeem en dagelijks behandeld door de cel Organisatiebeheersing. Er wordt onderscheid gemaakt tussen verschillende soorten klachten zoals informatievragen, beroepsprocedures, meldingen en milieuklachten. Elke klacht wordt geëvalueerd op ontvankelijkheid en vervolgens onderzocht. De burger ontvangt een ontvangstbevestiging en uiteindelijk een antwoordbrief met de uitkomst van het onderzoek. Indien de burger niet tevreden is, kan deze zich wenden tot de ombudsdienst.","[{'query': 'proces van klachtenbehandeling bij een gemeente', 'language': 'Dutch'}, {'query': 'municipal complaint handling process', 'language': 'English'}, {'query': 'processus de gestion des plaintes municipales', 'language': 'French'}, {'query': 'indienen van een klacht via gemeentelijke website', 'language': 'Dutch'}, {'query': 'submitting a complaint via municipal website', 'language': 'English'}, {'query': 'soumettre une plainte via le site web municipal', 'language': 'French'}, {'query': 'gebruik van CRM in klachtenbehandelingsproces', 'language': 'Dutch'}, {'query': 'use of CRM in complaint handling process', 'language': 'English'}, {'query': 'utilisation de CRM dans le processus de traitement des plaintes', 'language': 'French'}, {'query': 'onderscheid tussen klacht en melding', 'language': 'Dutch'}, {'query': 'distinction between complaint and report', 'language': 'English'}, {'query': 'distinction entre plainte et signalement', 'language': 'French'}, {'query': 'rol van cel Organisatiebeheersing in klachtenafhandeling', 'language': 'Dutch'}, {'query': 'role of Organization Management cell in complaint resolution', 'language': 'English'}, {'query': 'rôle de la cellule de gestion organisationnelle dans la résolution des plaintes', 'language': 'French'}, {'query': 'ontvangstbevestiging van klacht naar burger', 'language': 'Dutch'}, {'query': 'acknowledgment of receipt of complaint to citizen', 'language': 'English'}, {'query': 'accusé de réception de plainte au citoyen', 'language': 'French'}, {'query': 'behandeling van milieuklachten door gemeente', 'language': 'Dutch'}, {'query': 'handling of environmental complaints by municipality', 'language': 'English'}, {'query': 'traitement des plaintes environnementales par la municipalité', 'language': 'French'}, {'query': 'doorlooptijd en rapportage van klachten', 'language': 'Dutch'}, {'query': 'turnaround time and reporting of complaints', 'language': 'English'}, {'query': 'délai de traitement et rapport des plaintes', 'language': 'French'}, {'query': 'procedure bij niet ontvankelijke klacht', 'language': 'Dutch'}, {'query': 'procedure for inadmissible complaint', 'language': 'English'}, {'query': 'procédure pour plainte irrecevable', 'language': 'French'}, {'query': 'doorverwijzing naar ombudsdienst bij ontevredenheid', 'language': 'Dutch'}, {'query': 'referral to ombudsman service in case of dissatisfaction', 'language': 'English'}, {'query': ""orientation vers le service de médiation en cas d'insatisfaction"", 'language': 'French'}, {'query': 'opstellen van een antwoordbrief na klachtenonderzoek', 'language': 'Dutch'}, {'query': 'drafting a response letter after complaint investigation', 'language': 'English'}, {'query': ""rédaction d'une lettre de réponse après enquête sur les plaintes"", 'language': 'French'}]"
data/bpmn/Meldingen-Heuvelland.bpmn,"['Meldingen', 'Heuvelland', 'Onthaal', 'Evaluatie', 'Telefoon', 'Mail', 'Doorverbinden', 'Notitie', 'Werkopdracht', 'Communicatie', 'Burger', 'Uitvoering', 'Facebook', 'Website', 'superNode']","Het proces beschrijft de afhandeling van meldingen in Heuvelland. Het begint bij het onthaal waar meldingen via telefoon, mail of Facebook binnenkomen. Deze meldingen worden geëvalueerd en indien nodig doorverbonden naar de specifieke dienst. Er wordt een notitie gemaakt van de melding en het telefoonnummer van de melder. Als een werkopdracht nodig is, wordt deze gemaakt en gecommuniceerd naar de burger. De uitvoering van de werkopdracht wordt gevolgd door een afsluiting. Er zijn ook stappen voor het evalueren van meldingen en het opvragen van de status via Facebook.","[{'query': 'Procesafhandeling meldingen gemeente Heuvelland', 'language': 'Dutch'}, {'query': 'Handling of notifications in Heuvelland municipality', 'language': 'English'}, {'query': 'Traitement des notifications dans la municipalité de Heuvelland', 'language': 'French'}, {'query': 'Evaluatie en doorverbinden van telefoonmeldingen', 'language': 'Dutch'}, {'query': 'Evaluation and forwarding of telephone notifications', 'language': 'English'}, {'query': 'Évaluation et transfert des notifications téléphoniques', 'language': 'French'}, {'query': 'Communicatieproces naar burger bij meldingen', 'language': 'Dutch'}, {'query': 'Communication process to citizens regarding notifications', 'language': 'English'}, {'query': 'Processus de communication aux citoyens concernant les notifications', 'language': 'French'}, {'query': 'Werkopdracht aanmaken en uitvoeren in BPMN', 'language': 'Dutch'}, {'query': 'Creation and execution of work orders in BPMN', 'language': 'English'}, {'query': 'Création et exécution des ordres de travail dans BPMN', 'language': 'French'}, {'query': 'Afhandeling van meldingen via Facebook in BPMN', 'language': 'Dutch'}, {'query': 'Handling of notifications via Facebook in BPMN', 'language': 'English'}, {'query': 'Gestion des notifications via Facebook dans BPMN', 'language': 'French'}, {'query': 'Gebruik van superNode in BPMN proces', 'language': 'Dutch'}, {'query': 'Use of superNode in BPMN process', 'language': 'English'}, {'query': 'Utilisation de superNode dans le processus BPMN', 'language': 'French'}, {'query': 'Meldingsformulier invullen op website Heuvelland', 'language': 'Dutch'}, {'query': 'Filling out notification form on Heuvelland website', 'language': 'English'}, {'query': 'Remplir le formulaire de notification sur le site web de Heuvelland', 'language': 'French'}, {'query': 'Periodieke evaluatie van Facebook berichten in BPMN', 'language': 'Dutch'}, {'query': 'Periodic evaluation of Facebook messages in BPMN', 'language': 'English'}, {'query': 'Évaluation périodique des messages Facebook dans BPMN', 'language': 'French'}, {'query': 'Telefonische meldingen doorverbinden naar dienst', 'language': 'Dutch'}, {'query': 'Forwarding telephone notifications to service department', 'language': 'English'}, {'query': 'Transfert des notifications téléphoniques au service compétent', 'language': 'French'}]"
data/bpmn/Meldingen-Kortemark.bpmn,"['Meldingen', 'Kortemark', 'Meldingsformulier', 'Telefoon', 'Mail', 'Loket', 'Evaluatie', '3P', 'Omgevingsloket', 'Coördinator', 'Afdelingshoofd', 'Uitvoerende dienst', 'Externe aannemer', 'Schepencollege', 'CBS', 'Werkopdracht', 'Nazicht', 'Uitbesteding', 'Burgemeester', 'Schepenen', 'superNode']","Het proces beschrijft de stappen die gevolgd worden bij het ontvangen en afhandelen van meldingen in Kortemark. Het begint met het invullen van een meldingsformulier op de website, of contact via telefoon, mail of aan het loket. Vervolgens wordt de melding geëvalueerd en geregistreerd in een systeem genaamd 3P. Er wordt bepaald of de melding voor een andere instantie is en of deze al bestaat. Afhankelijk van de evaluatie wordt de melding doorgegeven aan de juiste instantie of wordt er een werkopdracht gecreëerd en uitgevoerd, hetzij intern of door een externe aannemer. Het proces omvat ook de communicatie naar de melder over de status van de melding en de uitvoering van de werkopdracht.","[{'query': 'Meldingsproces gemeente Kortemark', 'language': 'Dutch'}, {'query': 'Reporting process municipality of Kortemark', 'language': 'English'}, {'query': 'Processus de signalement commune de Kortemark', 'language': 'French'}, {'query': 'Evaluatie meldingssysteem 3P', 'language': 'Dutch'}, {'query': 'Evaluation of reporting system 3P', 'language': 'English'}, {'query': 'Évaluation du système de signalement 3P', 'language': 'French'}, {'query': 'Werkopdracht afhandeling na melding', 'language': 'Dutch'}, {'query': 'Work order processing after report', 'language': 'English'}, {'query': ""Traitement de l'ordre de travail après signalement"", 'language': 'French'}, {'query': 'Communicatieproces met melder Kortemark', 'language': 'Dutch'}, {'query': 'Communication process with reporter Kortemark', 'language': 'English'}, {'query': 'Processus de communication avec le signalant Kortemark', 'language': 'French'}, {'query': 'Doorsturen melding naar andere instantie', 'language': 'Dutch'}, {'query': 'Forwarding report to another authority', 'language': 'English'}, {'query': 'Transfert du signalement à une autre autorité', 'language': 'French'}, {'query': 'Uitvoering werkopdracht gemeentelijke diensten', 'language': 'Dutch'}, {'query': 'Execution of work order by municipal services', 'language': 'English'}, {'query': ""Exécution de l'ordre de travail par les services municipaux"", 'language': 'French'}, {'query': 'Besluitvorming Schepencollege Kortemark', 'language': 'Dutch'}, {'query': 'Decision-making by the College of Aldermen Kortemark', 'language': 'English'}, {'query': 'Prise de décision par le Collège des échevins Kortemark', 'language': 'French'}]"
data/bpmn/rijbewijs.bpmn,"['rijbewijs', 'aanvraag', 'inwoner', 'wetgeving', 'tijdelijk verval', 'politie', 'rechtbank', 'voorlopig rijbewijs', 'internationaal rijbewijs', 'medische schifting', 'begeleider', 'Mercurius', 'ZETES', 'FOD Mobiliteit', 'rijverbod', 'herstelonderzoeken', 'categorieën', 'rijexamen', 'rijbewijs aanvragen', 'rijbewijs vernieuwen']","Het proces beschrijft de stappen die een inwoner van Aalter moet volgen om een rijbewijs aan te vragen, te vernieuwen of om te wisselen, inclusief voorlopige en internationale rijbewijzen. Het omvat de controle van de aanvraagdocumenten, betalingen, medische schifting, en de communicatie met de burger over de status van de aanvraag. Ook worden de voorwaarden voor begeleiders en de afhandeling van tijdelijke rijverboden en herstelonderzoeken beschreven. Het proces maakt gebruik van het programma Mercurius en de diensten van ZETES voor de productie van rijbewijzen.","[{'query': 'proces voor aanvragen van een rijbewijs in Aalter', 'language': 'Dutch'}, {'query': 'process for applying for a driving license in Aalter', 'language': 'English'}, {'query': 'processus de demande de permis de conduire à Aalter', 'language': 'French'}, {'query': 'stappenplan vernieuwing rijbewijs na tijdelijk verval', 'language': 'Dutch'}, {'query': 'step-by-step plan for renewing a driving license after temporary suspension', 'language': 'English'}, {'query': ""plan par étapes pour le renouvellement d'un permis de conduire après suspension temporaire"", 'language': 'French'}, {'query': 'aanvraagprocedure internationaal rijbewijs Belgisch burger', 'language': 'Dutch'}, {'query': 'application procedure for international driving license Belgian citizen', 'language': 'English'}, {'query': 'procédure de demande de permis de conduire international citoyen belge', 'language': 'French'}, {'query': 'gebruik van Mercurius systeem bij rijbewijsaanvraag', 'language': 'Dutch'}, {'query': 'use of Mercurius system in driving license application', 'language': 'English'}, {'query': 'utilisation du système Mercurius dans la demande de permis de conduire', 'language': 'French'}, {'query': 'rol van ZETES bij productie van rijbewijzen', 'language': 'Dutch'}, {'query': 'role of ZETES in the production of driving licenses', 'language': 'English'}, {'query': 'rôle de ZETES dans la production de permis de conduire', 'language': 'French'}, {'query': 'voorwaarden voor begeleiders bij voorlopig rijbewijs', 'language': 'Dutch'}, {'query': 'conditions for supervisors with a provisional driving license', 'language': 'English'}, {'query': 'conditions pour les accompagnateurs avec un permis de conduire provisoire', 'language': 'French'}, {'query': 'afhandeling van rijverboden en herstelonderzoeken', 'language': 'Dutch'}, {'query': 'handling of driving bans and recovery investigations', 'language': 'English'}, {'query': 'traitement des interdictions de conduire et des enquêtes de rétablissement', 'language': 'French'}, {'query': 'medische schifting bij aanvraag rijbewijs categorieën groep 2', 'language': 'Dutch'}, {'query': 'medical selection in application for driving license categories group 2', 'language': 'English'}, {'query': 'sélection médicale dans la demande de permis de conduire catégories groupe 2', 'language': 'French'}]"
data/bpmn/Sport-Subsidieaanvraag-De-Panne_v0.1.bpmn,"['Sport-Subsidieaanvraag', 'De Panne', 'Financiële dienst', 'Gemeenteraad', 'Subsidieaanvraag', 'Sportdienst', 'Beleidssubsidie', 'Impulssubsidie', 'Sportverenigingen', 'Uitbetaling']","Het proces beschrijft de stappen voor het aanvragen, evalueren en uitbetalen van subsidies aan sportverenigingen door de gemeente De Panne. Het omvat de communicatie tussen de sportdienst, de financiële dienst, de gemeenteraad en de sportverenigingen. De aanvraagprocedure omvat het invullen van beleids- en impulssubsidies, de evaluatie van de dossiers, de verdeling van de subsidiebedragen en de uiteindelijke uitbetaling na goedkeuring.","[{'query': 'Subsidieaanvraag proces voor sportverenigingen in De Panne', 'language': 'Dutch'}, {'query': 'Subsidy application process for sports associations in De Panne', 'language': 'English'}, {'query': 'Processus de demande de subvention pour les associations sportives à De Panne', 'language': 'French'}, {'query': 'Evaluatie en uitbetaling van sportsubsidies gemeente De Panne', 'language': 'Dutch'}, {'query': 'Evaluation and payment of sports subsidies municipality De Panne', 'language': 'English'}, {'query': 'Évaluation et paiement des subventions sportives municipalité De Panne', 'language': 'French'}, {'query': 'BPMN diagram van subsidieproces voor sportdienst De Panne', 'language': 'Dutch'}, {'query': 'BPMN diagram of subsidy process for sports service De Panne', 'language': 'English'}, {'query': 'Diagramme BPMN du processus de subvention pour le service des sports De Panne', 'language': 'French'}, {'query': 'Stappenplan voor beleidssubsidie en impulssubsidie aanvragen', 'language': 'Dutch'}, {'query': 'Step-by-step plan for applying for policy subsidy and impulse subsidy', 'language': 'English'}, {'query': ""Plan étape par étape pour demander une subvention de politique et une subvention d'impulsion"", 'language': 'French'}, {'query': 'Rol van gemeenteraad in subsidieaanvraag sportverenigingen', 'language': 'Dutch'}, {'query': 'Role of the municipal council in subsidy application for sports associations', 'language': 'English'}, {'query': 'Rôle du conseil municipal dans la demande de subvention pour les associations sportives', 'language': 'French'}, {'query': 'Uitbetalingsproces van sportsubsidies na goedkeuring', 'language': 'Dutch'}, {'query': 'Payment process of sports subsidies after approval', 'language': 'English'}, {'query': 'Processus de paiement des subventions sportives après approbation', 'language': 'French'}, {'query': 'Communicatieproces tussen sportdienst en verenigingen', 'language': 'Dutch'}, {'query': 'Communication process between sports service and associations', 'language': 'English'}, {'query': 'Processus de communication entre le service des sports et les associations', 'language': 'French'}, {'query': 'BPMN voorbeeld van subsidieverdeling in gemeente', 'language': 'Dutch'}, {'query': 'BPMN example of subsidy distribution in a municipality', 'language': 'English'}, {'query': 'Exemple BPMN de distribution de subventions dans une municipalité', 'language': 'French'}]"
data/bpmn/Sport-Subsidieaanvraag-GrootstGemeneDeler_v0.3.bpmn,"['Sport-Subsidieaanvraag', 'Financiële dienst', 'Schepencollege', 'Sportdienst', 'Evaluatie', 'Subsidiebedragen', 'Werkgroep', 'Sportraad', 'Jeugd', 'Uitbetaling']","Het proces beschrijft de stappen voor het aanvragen, evalueren en uitbetalen van subsidies aan sportverenigingen. Het omvat communicatie tussen de vereniging, sportdienst, en het schepencollege. Het proces bevat ook de evaluatie van dossiers, de telling van punten, de verdeling van subsidiebedragen, en de uiteindelijke goedkeuring en uitbetaling van subsidies.","[{'query': 'Subsidieaanvraag proces voor sportverenigingen', 'language': 'Dutch'}, {'query': 'Subsidy application process for sports associations', 'language': 'English'}, {'query': 'Processus de demande de subvention pour les associations sportives', 'language': 'French'}, {'query': 'Evaluatie van sportsubsidies', 'language': 'Dutch'}, {'query': 'Evaluation of sports subsidies', 'language': 'English'}, {'query': 'Évaluation des subventions sportives', 'language': 'French'}, {'query': 'Punten telling en subsidieverdeling', 'language': 'Dutch'}, {'query': 'Points counting and subsidy distribution', 'language': 'English'}, {'query': 'Comptage des points et distribution des subventions', 'language': 'French'}, {'query': 'Werkgroep met sportraad BPMN', 'language': 'Dutch'}, {'query': 'Working group with sports council BPMN', 'language': 'English'}, {'query': 'Groupe de travail avec conseil sportif BPMN', 'language': 'French'}, {'query': 'Uitbetalingsproces aan sportverenigingen', 'language': 'Dutch'}, {'query': 'Payment process to sports associations', 'language': 'English'}, {'query': 'Processus de paiement aux associations sportives', 'language': 'French'}, {'query': 'Goedkeuringsproces subsidieaanvragen', 'language': 'Dutch'}, {'query': 'Approval process for subsidy applications', 'language': 'English'}, {'query': ""Processus d'approbation des demandes de subvention"", 'language': 'French'}, {'query': 'Opmaak agenda voor schepencollege', 'language': 'Dutch'}, {'query': 'Preparation of the agenda for the executive council', 'language': 'English'}, {'query': ""Préparation de l'ordre du jour pour le collège échevinal"", 'language': 'French'}, {'query': 'Invullen werkingssubsidie sportvereniging', 'language': 'Dutch'}, {'query': 'Filling in operational subsidy for sports association', 'language': 'English'}, {'query': ""Remplissage de la subvention de fonctionnement pour l'association sportive"", 'language': 'French'}]"
